{"time": 120000, "name": "level 2", "player": [0.49848024316109424, 0.22336769759450173], "path": [[0.8708206686930091, 0.8625429553264605], [0.12462006079027356, 0.8676975945017182], [0.04559270516717325, 0.7714776632302406], [0.06534954407294832, 0.6872852233676976], [0.8541033434650456, 0.6529209621993127], [0.9057750759878419, 0.5532646048109966], [0.8936170212765957, 0.48109965635738833], [0.8419452887537994, 0.44673539518900346], [0.0911854103343465, 0.4484536082474227]], "scores": 487}