{"time": 100000, "name": "Gachi", "player": [0.6109422492401215, 0.4518900343642612], "path": [[0.07598784194528875, 0.7972508591065293], [0.06534954407294832, 0.11168384879725086], [0.8829787234042553, 0.0859106529209622], [0.8723404255319149, 0.6821305841924399], [0.22492401215805471, 0.6683848797250859], [0.20972644376899696, 0.211340206185567], [0.7416413373860182, 0.20103092783505155], [0.7370820668693009, 0.5962199312714777], [0.3343465045592705, 0.5876288659793815], [0.3252279635258359, 0.3161512027491409], [0.5379939209726444, 0.31099656357388317]], "scores": 100}