{"time": 180000, "name": "level 3", "player": [0.7917933130699089, 0.6219931271477663], "path": [[0.1094224924012158, 0.14604810996563575], [0.8860182370820668, 0.1323024054982818], [0.13829787234042554, 0.8350515463917526], [0.8571428571428571, 0.8556701030927835], [0.11702127659574468, 0.33505154639175255], [0.8677811550151976, 0.28350515463917525], [0.4012158054711246, 0.8333333333333334], [0.12006079027355623, 0.6065292096219931]], "scores": 320}