{"time": 240000, "name": "level 1", "player": [0.5334346504559271, 0.5085910652920962], "path": [[0.0729483282674772, 0.8625429553264605], [0.06534954407294832, 0.19931271477663232], [0.8996960486322189, 0.17353951890034364], [0.8693009118541033, 0.7766323024054983], [0.16717325227963525, 0.7714776632302406], [0.15653495440729484, 0.30584192439862545], [0.7872340425531915, 0.2663230240549828], [0.7917933130699089, 0.6804123711340206], [0.31155015197568386, 0.6821305841924399], [0.2993920972644377, 0.41237113402061853], [0.6656534954407295, 0.3951890034364261], [0.6854103343465046, 0.6030927835051546], [0.41641337386018235, 0.5927835051546392]], "scores": 421}