{"time": 120000, "name": "level 4", "player": [0.4969604863221885, 0.5137457044673539], "path": [[0.1276595744680851, 0.7216494845360825], [0.11246200607902736, 0.48625429553264604], [0.18085106382978725, 0.3006872852233677], [0.32674772036474165, 0.18556701030927836], [0.5319148936170213, 0.16151202749140894], [0.7218844984802432, 0.218213058419244], [0.8130699088145896, 0.3694158075601375], [0.8328267477203647, 0.4965635738831615], [0.8100303951367781, 0.6116838487972509], [0.7462006079027356, 0.7285223367697594], [0.6276595744680851, 0.7972508591065293], [0.47720364741641336, 0.8161512027491409], [0.3282674772036474, 0.7096219931271478], [0.28419452887537994, 0.5515463917525774], [0.3100303951367781, 0.44501718213058417], [0.4209726443768997, 0.359106529209622], [0.5303951367781155, 0.33676975945017185], [0.6398176291793313, 0.37628865979381443], [0.6808510638297872, 0.48281786941580757], [0.682370820668693, 0.5927835051546392], [0.6094224924012158, 0.6580756013745704], [0.48328267477203646, 0.6666666666666666]], "scores": 318}